airport	tzone
Lansdowne Airport	America/New_York
Moton Field Municipal Airport	America/Chicago
Schaumburg Regional	America/Chicago
Randall Airport	America/New_York
Jekyll Island Airport	America/New_York
Elizabethton Municipal Airport	America/New_York
Williams County Airport	America/New_York
Finger Lakes Regional Airport	America/New_York
Shoestring Aviation Airfield	America/New_York
Jefferson County Intl	America/Los_Angeles
Harford County Airport	America/New_York
Galt Field Airport	America/Chicago
Port Bucyrus-Crawford County Airport	America/New_York
Jackson County Airport	America/New_York
Martin Campbell Field Airport	America/New_York
Mansfield Municipal	America/New_York
Frazier Lake Airpark	America/Vancouver
Clow International Airport	America/Chicago
Kent State Airport	America/New_York
Grand Canyon West Airport	America/Phoenix
Effingham Memorial Airport	America/Chicago
Fortman Airport	America/New_York
Point Roberts Airpark	America/Los_Angeles
Clarke CO	America/Chicago
Lowell City Airport	America/New_York
Suwannee County Airport	America/New_York
Forest Lake Airport	America/Chicago
Grove City Airport	America/New_York
Mark Anton Airport	America/New_York
Plum Island Airport	America/New_York
Jefferson County Airpark	America/New_York
Somerset County Airport	America/New_York
Shelby County Airport	America/Chicago
Quincy Municipal Airport	America/New_York
Atmautluak Airport	America/Anchorage
Heber City Municipal Airport	America/Denver
Lynden Airport	America/Los_Angeles
Ephraim-Gibraltar Airport	America/Chicago
Wadsworth Municipal	America/New_York
Ashland County Airport	America/New_York
Ridgeland Airport	America/New_York
Put-in-Bay Airport	America/New_York
Perry-Foley Airport	America/New_York
Braceville Airport	America/New_York
Cherokee County Airport	America/New_York
Gilmer County Airport	America/New_York
Chemehuevi Valley	America/Los_Angeles
Polk County Airport - Cornelius Moore Field	America/New_York
Clayton County Tara Field	America/New_York
Isbell Field Airport	America/Chicago
Robertson Field	America/New_York
Pittsburgh-Monroeville Airport	America/New_York
Hamburg Inc Airport	America/New_York
Youngstown Elser Metro Airport	America/New_York
Putnam County Airport	America/New_York
Dell Flight Strip	America/Denver
Madison GA Municipal Airport	America/New_York
DeFuniak Springs Airport	America/Chicago
Fernandina Beach Municipal Airport	America/New_York
Packwood	America/Los_Angeles
East Troy Municipal Airport	America/Chicago
Saratoga County Airport	America/New_York
Ocean Isle Beach Airport	America/New_York
Griffin-Spalding County Airport	America/New_York
Saluda County	America/New_York
Tok Junction Airport	America/Anchorage
Big Timber Airport	America/Denver
Florence	America/Los_Angeles
Welke Airport	America/New_York
Cairo-Grady County Airport	America/New_York
Spring Hill Airport	America/New_York
Foster Field	America/Chicago
Germack Airport	America/New_York
Spitfire Aerodrome	America/New_York
Garland Airport	America/New_York
Richland Airport	America/Chicago
Bamberg County Airport	America/New_York
Covington Municipal Airport	America/New_York
Barwick Lafayette Airport	America/New_York
Rock Airport	America/New_York
Phoenix Regional Airport	America/Phoenix
Colorado Springs East	America/Denver
Apalachicola Regional Airport	America/New_York
Andrau Airport	America/Chicago
Lehigh Valley Intl	America/New_York
Abilene Rgnl	America/Chicago
Ambler Airport	America/Anchorage
Albuquerque International Sunport	America/Denver
Aberdeen Regional Airport	America/Chicago
Southwest Georgia Regional Airport	America/New_York
Jimmy Carter Regional	America/New_York
Nantucket Mem	America/New_York
Waco Rgnl	America/Chicago
Arcata	America/Los_Angeles
Atlantic City Intl	America/New_York
Adak Airport	America/Anchorage
Ardmore Muni	America/Chicago
Kodiak	America/Anchorage
Addison	America/Chicago
Andrews Afb	America/New_York
Allakaket Airport	America/Anchorage
Alexandria Intl	America/Chicago
Kake Airport	America/Anchorage
Fort Worth Alliance Airport	America/Chicago
Allegheny County Airport	America/New_York
Angoon Seaplane Base	America/Anchorage
Augusta Rgnl At Bush Fld	America/New_York
Athens Ben Epps Airport	America/New_York
Alliance Municipal Airport	America/Denver
Municipal Airport	America/New_York
Wainwright Airport	America/Anchorage
Lee C Fine Memorial Airport	America/Chicago
Atka Airport	America/Anchorage
Akron Fulton Intl	America/New_York
Akiak Airport	America/Anchorage
Akhiok Airport	America/Anchorage
King Salmon	America/Anchorage
Anaktuvuk Pass Airport	America/Anchorage
Albany Intl	America/New_York
Alice Intl	America/Chicago
Alamogordo White Sands Regional Airport	America/Denver
Waterloo Regional Airport	America/Chicago
San Luis Valley Regional Airport	America/Denver
Walla Walla Regional Airport	America/Los_Angeles
Alexandria	America/New_York
Alitak Seaplane Base	America/Anchorage
Rick Husband Amarillo Intl	America/Chicago
Anniston Metro	America/Chicago
Ted Stevens Anchorage Intl	America/Anchorage
Anderson Rgnl	America/New_York
Aniak Airport	America/Anchorage
Annette Island	America/Anchorage
Lee Airport	America/New_York
Tri-State Steuben County Airport	America/New_York
Anvik Airport	America/Anchorage
Lima Allen County Airport	America/New_York
Altoona Blair Co	America/New_York
Amook Bay Seaplane Base	America/Anchorage
Centennial	America/Denver
Napa County Airport	America/Los_Angeles
Naples Muni	America/New_York
Phillips Aaf	America/New_York
Alpena County Regional Airport	America/New_York
Klawock Seaplane Base	America/Anchorage
Acadiana Rgnl	America/Chicago
Ann Arbor Municipal Airport	America/New_York
Arctic Village Airport	America/Anchorage
Watertown Intl	America/New_York
Lakeland	America/Chicago
Aspen Pitkin County Sardy Field	America/Denver
Boire Field Airport	America/New_York
Astoria Regional Airport	America/Los_Angeles
Atqasuk Edward Burnell Sr Memorial Airport	America/Anchorage
Hartsfield Jackson Atlanta Intl	America/New_York
Camp Mabry Austin City	America/Chicago
Appleton	America/Chicago
Watertown Regional Airport	America/Chicago
Augusta State	America/New_York
Alakanuk Airport	America/Anchorage
Auburn University Regional	America/Chicago
Austin Bergstrom Intl	America/Chicago
Wausau Downtown Airport	America/Chicago
Asheville Regional Airport	America/New_York
Executive	America/New_York
Wilkes Barre Scranton Intl	America/New_York
Marana Regional	America/Phoenix
Avalon	America/Los_Angeles
Phoenix-Mesa Gateway	America/Phoenix
Kalamazoo	America/New_York
Beale Afb	America/Los_Angeles
Barksdale Afb	America/Chicago
Barnes Municipal	America/New_York
Wings Field	America/New_York
Bryce Canyon	America/Denver
Boca Raton	America/New_York
Baudette Intl	America/Chicago
Bradley Intl	America/New_York
Igor I Sikorsky Mem	America/New_York
Beech Factory Airport	America/Chicago
Laurence G Hanscom Fld	America/New_York
Southwest Michigan Regional Airport	America/New_York
Bethel	America/Anchorage
Bradford Regional Airport	America/New_York
Western Nebraska Regional Airport	America/Denver
Boeing Fld King Co Intl	America/Los_Angeles
Meadows Fld	America/Los_Angeles
Mobile Downtown	America/Chicago
Beaver Falls	America/New_York
Beaufort	America/New_York
Decatur County Industrial Air Park	America/New_York
Greater Binghamton Edwin A Link Fld	America/New_York
Bangor Intl	America/New_York
Hancock County - Bar Harbor	America/New_York
Birmingham Intl	America/Chicago
Block Island State Airport	America/New_York
Biggs Aaf	America/Denver
Allen Aaf	America/Anchorage
Billings Logan International Airport	America/Denver
Bismarck Municipal Airport	America/Chicago
Tulip City Airport	America/New_York
Keesler Afb	America/Chicago
Rocky Mountain Metropolitan Airport	America/Denver
Bemidji Regional Airport	America/Chicago
Buckland Airport	America/Anchorage
Stephens Co	America/Chicago
Buckley Afb	America/Denver
Branson LLC	America/Chicago
Barking Sands Pmrf	Pacific/Honolulu
Burke Lakefront Airport	America/New_York
Raleigh County Memorial Airport	America/New_York
Brookings Regional Airport	America/Chicago
Boulder City Municipal Airport	America/Phoenix
Mercer County Airport	America/New_York
Blythe Airport	America/Los_Angeles
Bellingham Intl	America/Los_Angeles
Scott Afb Midamerica	America/Chicago
Brigham City	America/Denver
Monroe County Airport	America/New_York
Central Illinois Rgnl	America/Chicago
Beaumont Municipal	America/Chicago
Big Mountain Afs	America/Anchorage
Nashville Intl	America/Chicago
Boise Air Terminal	America/Denver
General Edward Lawrence Logan Intl	America/New_York
Bartow Municipal Airport	America/New_York
Southeast Texas Rgnl	America/Chicago
Brunswick Golden Isles Airport	America/New_York
Brainerd Lakes Rgnl	America/Chicago
Southeast Iowa Regional Airport	America/Chicago
Brownsville South Padre Island Intl	America/Chicago
Wiley Post Will Rogers Mem	America/Anchorage
Bradshaw Aaf	Pacific/Honolulu
Barter Island Lrrs	America/Anchorage
Bert Mooney Airport	America/Denver
Baton Rouge Metro Ryan Fld	America/Chicago
Bettles	America/Anchorage
Burlington Intl	America/New_York
Buffalo Niagara Intl	America/New_York
Bob Hope	America/Los_Angeles
Municipal Airport	America/Chicago
Burlington-Alamance Regional Airport	America/New_York
Beverly Municipal Airport	America/New_York
KBWD	America/Chicago
Bowling Green-Warren County Regional Airport	America/Chicago
Baltimore Washington Intl	America/New_York
Buckeye Municipal Airport	America/Phoenix
Borrego Valley Airport	America/Los_Angeles
Arkansas Intl	America/Chicago
Bicycle Lake Aaf	America/Los_Angeles
Blakely Island Airport	America/Los_Angeles
Gallatin Field	America/Denver
Grand Geneva Resort Airport	America/Chicago
Frasca Field	America/Chicago
Portage Municipal Airport	America/Chicago
Plymouth Municipal Airport	America/New_York
Sylvania Airport	America/Chicago
Dowagiac Municipal Airport	America/New_York
Columbia Metropolitan	America/New_York
Akron Canton Regional Airport	America/New_York
Caribou Muni	America/New_York
Greater Cumberland Rgnl.	America/New_York
Columbus Afb	America/Chicago
Coweta County Airport	America/New_York
Buchanan Field Airport	America/Los_Angeles
Cold Bay	America/Anchorage
Cedar City Rgnl	America/Denver
Cambridge Municipal Airport	America/New_York
CedarKey	America/New_York
Woodward Field	America/New_York
Chadron Municipal Airport	America/Denver
Childress Muni	America/Chicago
Merle K Mudhole Smith	America/Anchorage
Caldwell Essex County Airport	America/New_York
Del Norte County Airport	America/Los_Angeles
Westover Arb Metropolitan	America/New_York
Central Airport	America/Anchorage
Clemson	America/New_York
Bob Sikes	America/Chicago
Cortez Muni	America/Denver
Coulter Fld	America/Chicago
Craig Seaplane Base	America/Anchorage
Crystal River	America/New_York
Cuyahoga County	America/New_York
Cape Girardeau Regional Airport	America/Chicago
Meigs Field	America/Chicago
Casa Grande Municipal Airport	America/Phoenix
Lovell Fld	America/New_York
All Airports	America/Chicago
Charlottesville-Albemarle	America/New_York
Charleston Afb Intl	America/New_York
Chuathbaluk Airport	America/Anchorage
Chico Muni	America/Los_Angeles
Cedar Rapids	America/Chicago
Chalkyitsik Airport	America/Anchorage
Council Airport	America/Anchorage
Chippewa County International Airport	America/New_York
Harrison Marion Regional Airport	America/New_York
Crooked Creek Airport	America/Anchorage
Crisp County Cordele Airport	America/New_York
Clarksville-Montgomery County Regional Airport	America/Chicago
Clear Lake Metroport	America/Chicago
McClellan-Palomar Airport	America/Los_Angeles
Cleveland Hopkins Intl	America/New_York
Easterwood Fld	America/Chicago
William R Fairchild International Airport	America/Los_Angeles
Chehalis-Centralia	America/Los_Angeles
Charlotte Douglas Intl	America/New_York
Clearwater Air Park	America/New_York
Port Columbus Intl	America/New_York
Champaign	America/Chicago
Houghton County Memorial Airport	America/New_York
Cavern City Air Terminal	America/Denver
Tstc Waco	America/Chicago
Canyonlands Field	America/Denver
Yellowstone Rgnl	America/Denver
Pappy Boyington	America/Los_Angeles
Patrick Afb	America/New_York
Merritt Island Airport	America/New_York
Concord Municipal	America/New_York
City Of Colorado Springs Muni	America/Denver
Cotulla Lasalle Co	America/Chicago
Columbia Rgnl	America/Chicago
Natrona Co Intl	America/Denver
St. Louis Downtown Airport	America/Chicago
Grand Strand Airport	America/New_York
Corpus Christi Intl	America/Chicago
Yeager	America/New_York
Columbus Metropolitan Airport	America/New_York
Cut Bank Muni	America/Denver
Chester County G O Carlson Airport	America/New_York
West Georgia Regional Airport - O V Gray Field	America/New_York
Cross City	America/New_York
Cincinnati Northern Kentucky Intl	America/New_York
Clovis Muni	America/Denver
Corvallis Muni	America/Los_Angeles
Cannon Afb	America/Denver
Charlevoix Municipal Airport	America/New_York
Central Wisconsin	America/Chicago
Clinton Municipal	America/Chicago
Chatsworth Station	America/Los_Angeles
Coldfoot Airport	America/Anchorage
Calexico Intl	America/Los_Angeles
Lone Star Executive	America/Chicago
Capital City Airport	America/New_York
Chefornak Airport	America/Anchorage
Chatham Seaplane Base	America/Anchorage
Cheyenne Rgnl Jerry Olson Fld	America/Denver
Yakataga Airport	America/Anchorage
Cape Romanzof Lrrs	America/Anchorage
Tri-Cities	America/New_York
Chisana Airport	America/Anchorage
Daytona Beach Intl	America/New_York
Dallas Love Fld	America/Chicago
Skyhaven Airport	America/New_York
James M Cox Dayton Intl	America/New_York
W H Barron Field	America/New_York
Dubuque Rgnl	America/Chicago
Ronald Reagan Washington Natl	America/New_York
Dodge City Regional Airport	America/Chicago
Decatur	America/Chicago
Denver Intl	America/Denver
Coleman A Young Muni	America/New_York
Dallas Fort Worth Intl	America/Chicago
Douglas Municipal Airport	America/Phoenix
Deer Harbor Seaplane	America/Los_Angeles
Dothan Rgnl	America/Chicago
Dalhart Muni	America/Chicago
Dickinson Theodore Roosevelt Regional Airport	America/Denver
De Kalb Taylor Municipal Airport	America/Chicago
Chautauqua County-Dunkirk Airport	America/New_York
Knoxville Downtown Island Airport	America/New_York
Laughlin Afb	America/Chicago
Dillingham	America/Anchorage
Duluth Intl	America/Chicago
Baraboo Wisconsin Dells Airport	America/Chicago
Davis Monthan Afb	America/Phoenix
Daniel Field Airport	America/New_York
Dalton Municipal Airport	America/New_York
Vermilion Regional	America/Chicago
Dover Afb	America/New_York
Dupage	America/Chicago
Douglas Municipal Airport	America/New_York
Deering Airport	America/Anchorage
Beauregard Rgnl	America/Chicago
Drummond Island Airport	America/New_York
Durango La Plata Co	America/Denver
Del Rio Intl	America/Chicago
Des Moines Intl	America/Chicago
Delta Municipal Airport	America/Denver
Destin	America/Chicago
Detroit Metro Wayne Co	America/New_York
Halliburton Field Airport	America/Chicago
Bisbee Douglas Intl	America/Phoenix
DuBois Regional Airport	America/New_York
Unalaska	America/Anchorage
Devils Lake Regional Airport	America/Chicago
Deer Valley Municipal Airport	Asia/Chongqing
Yolo County Airport	America/Los_Angeles
David Wayne Hooks Field	America/Chicago
Orlando	America/New_York
Danbury Municipal Airport	America/New_York
Dyess Afb	America/Chicago
Wickenburg Municipal Airport	America/Phoenix
Bagdad Airport	America/Phoenix
Ocean Ridge Airport	America/Los_Angeles
Gila Bend Municipal Airport	America/Phoenix
Chinle Municipal Airport	America/Denver
Eagle Airport	America/Anchorage
Kearney Municipal Airport	America/Chicago
Pangborn Field	America/Los_Angeles
Chippewa Valley Regional Airport	America/Chicago
Iosco County	America/New_York
Elizabeth City Cgas Rgnl	America/New_York
Panama City-NW Florida Bea.	America/Chicago
Elmendorf Afb	America/Anchorage
Edwards Afb	America/Los_Angeles
Eek Airport	America/Anchorage
Dillant Hopkins Airport	NA
Shelby County Airport	America/Chicago
Ellington Fld	America/Chicago
Eagle County Airport	America/Denver
Eagle Co Rgnl	America/Denver
Wellington Municipal	America/Chicago
Eagle River	America/Chicago
Egegik Airport	America/Anchorage
Cape Newenham Lrrs	America/Anchorage
Eielson Afb	America/Anchorage
Elkhart Municipal	America/New_York
Elkins Randolph Co Jennings Randolph	America/New_York
Elko Regional Airport	America/Los_Angeles
Bessemer	America/Chicago
South Arkansas Rgnl At Goodwin Fld	America/Chicago
Elim Airport	America/Anchorage
Elmira Corning Rgnl	America/New_York
El Paso Intl	America/Denver
Elfin Cove Seaplane Base	America/Anchorage
Ely Airport	America/Los_Angeles
Emmonak Airport	America/Anchorage
Emporia Municipal Airport	America/Chicago
Kenai Muni	America/Anchorage
Vance Afb	America/Chicago
Wendover	America/Denver
Kenosha Regional Airport	America/Chicago
Keokuk Municipal Airport	America/Chicago
Eastport Municipal Airport	America/New_York
Monroe Reqional Airport	America/New_York
Erie Intl Tom Ridge Fld	America/New_York
Kerrville Municipal Airport	America/Chicago
Luce County Airport	America/New_York
Delta County Airport	America/New_York
Orcas Island Airport	America/Los_Angeles
Esler Rgnl	America/Chicago
Easton-Newnam Field Airport	America/New_York
Weedon Field	America/Chicago
Mahlon Sweet Fld	America/Los_Angeles
Evansville Regional	America/Chicago
Evanston-Uinta CO Burns Fld	America/Denver
New Bedford Regional Airport	America/New_York
Newton City-County Airport	America/Chicago
Craven Co Rgnl	America/New_York
Newark Liberty Intl	America/New_York
Excursion Inlet Seaplane Base	America/Anchorage
Key West Intl	America/New_York
Seaplane Base	America/New_York
Felker Aaf	America/New_York
Fairbanks Intl	America/Anchorage
Hector International Airport	America/Chicago
Fresno Yosemite Intl	America/Los_Angeles
Fayetteville Regional Grannis Field	America/New_York
Fredericksburg Amtrak Station	America/New_York
Ladd Aaf	America/Anchorage
Fort Bridger	America/Denver
Friday Harbor Seaplane Base	America/Los_Angeles
Glacier Park Intl	America/Denver
Flying Cloud Airport	America/Chicago
Butts Aaf	America/Denver
Fairfield County Airport	America/New_York
Findlay Airport	America/New_York
First Flight Airport	America/New_York
Atlanta Regional Airport - Falcon Field	America/New_York
Wright Patterson Afb	America/New_York
Capital City Airport	America/New_York
Mesa Falcon Field	America/Phoenix
Sierra Vista Muni Libby Aaf	America/Phoenix
Fitchburg Municipal Airport	America/New_York
Franklin	America/New_York
Fond Du Lac County Airport	America/Chicago
Flagstaff Pulliam Airport	America/Phoenix
Fort Lauderdale Hollywood Intl	America/New_York
Florence Rgnl	America/New_York
Sherman Aaf	America/Chicago
Tipton	America/New_York
Otis Angb	America/New_York
Four Corners Rgnl	America/Denver
Page Fld	America/New_York
Fort Collins Loveland Muni	America/Denver
Funter Bay Seaplane Base	America/Anchorage
Bishop International	America/New_York
Fort Dodge Rgnl	America/Chicago
Forbes Fld	America/Chicago
Francis S Gabreski	America/New_York
Friday Harbor Airport	America/Los_Angeles
Marshall Aaf	America/Chicago
Bryant Ahp	America/Anchorage
St Lucie County International Airport	America/New_York
Sioux Falls	America/Chicago
Henry Post Aaf	America/Chicago
Fort Smith Rgnl	America/Chicago
Fort Stockton Pecos Co	America/Chicago
Godman Aaf	America/New_York
Fort Worth Meacham Intl	America/Chicago
Fulton County Airport Brown Field	America/New_York
Fullerton Municipal Airport	America/Los_Angeles
Fort Wayne	America/New_York
Fort Lauderdale Executive	America/New_York
Fort Yukon	America/Anchorage
Drake Fld	America/Chicago
Fitzgerald Municipal Airport	America/New_York
Fostoria Metropolitan Airport	America/New_York
Northeast Alabama Regional Airport	America/Chicago
Montgomery County Airpark	America/New_York
Edward G Pitka Sr	America/Anchorage
Gambell Airport	America/Anchorage
Great Bend Municipal	America/Chicago
Gillette-Campbell County Airport	America/Denver
Garden City Rgnl	America/Chicago
Grand Canyon National Park Airport	America/Phoenix
Grand Canyon West Airport	America/Phoenix
Dawson Community Airport	America/Denver
Gladwin Zettel Memorial Airport	America/New_York
Sussex Co	America/New_York
Spokane Intl	America/Los_Angeles
Glendale Municipal Airport	America/Phoenix
Grand Forks Intl	America/Chicago
Floyd Bennett Memorial Airport	America/New_York
Georgetown County Airport	America/New_York
East Texas Rgnl	America/Chicago
Wokal Field Glasgow International Airport	America/Denver
Marshfield Municipal Airport	America/New_York
Gilbert Airport	America/New_York
Grand Junction Regional	America/Denver
Gulkana	America/Anchorage
Arlington Municipal	America/Chicago
Renner Fld	America/Denver
Mid Delta Regional Airport	America/Chicago
Scholes Intl At Galveston	America/Chicago
Golovin Airport	America/Anchorage
Grants Milan Muni	America/Denver
Goodnews Airport	America/Anchorage
Gainesville Rgnl	America/New_York
Groton New London	America/New_York
Gulfport-Biloxi	America/Chicago
Grand Rapids Itasca County	America/Chicago
Galion Municipal Airport	America/New_York
Austin Straubel Intl	America/Chicago
Gray Aaf	America/Los_Angeles
Central Nebraska Regional Airport	America/Chicago
Robert Gray Aaf	America/Chicago
Grand Marais Cook County Airport	America/Chicago
Gerald R Ford Intl	America/New_York
Seymour Johnson Afb	America/New_York
Piedmont Triad	America/New_York
Greenville-Spartanburg International	America/New_York
Gustavus Airport	America/Anchorage
Wheeler Sack Aaf	America/New_York
Great Falls Intl	America/Denver
Golden Triangle Regional Airport	America/Chicago
Georgetown Municipal Airport	America/Chicago
Gunnison - Crested Butte	America/Denver
Gallup Muni	America/Denver
Grissom Arb	America/New_York
Lee Gilmer Memorial Airport	America/New_York
Genesee County Airport	America/New_York
Majors	America/Chicago
Greenwood Leflore	America/Chicago
Gary Chicago International Airport	America/Chicago
Hattiesburg Bobby L. Chain Municipal Airport	America/Chicago
Hobart Muni	America/Chicago
Columbia County	America/New_York
Holy Cross Airport	America/Anchorage
Dillingham	Pacific/Honolulu
Hardwick Field Airport	America/New_York
Yampa Valley	America/Denver
Hondo Municipal Airport	America/Chicago
Hartford Brainard	America/New_York
Hagerstown Regional Richard A Henson Field	America/New_York
Hilton Head	America/New_York
Wheeler Aaf	Pacific/Honolulu
Jack Northrop Fld Hawthorne Muni	America/Los_Angeles
Chisholm Hibbing	America/Chicago
Hill Afb	America/Denver
Lake Havasu City Airport	America/Phoenix
Portland Hillsboro	America/Los_Angeles
Healy River Airport	America/Anchorage
Hickory Rgnl	America/New_York
Wheeling Ohio County Airport	America/New_York
Helena Rgnl	America/Denver
Hood Aaf	America/Chicago
Holloman Afb	America/Denver
Hoonah Airport	America/Anchorage
Honolulu Intl	Pacific/Honolulu
Hana	Pacific/Honolulu
Haines Airport	America/Anchorage
Lea Co Rgnl	America/Denver
Homer	America/Anchorage
Huron Rgnl	America/Chicago
Campbell Aaf	America/Chicago
Memorial Field	America/Chicago
William P Hobby	America/Chicago
Hooper Bay Airport	America/Anchorage
Westchester Co	America/New_York
Bowerman Field	America/Los_Angeles
McDuffie County Airport	America/New_York
Valley Intl	America/Chicago
Boone Co	America/Chicago
Hurlburt Fld	America/Chicago
Henderson Executive Airport	America/Los_Angeles
Huslia Airport	America/Anchorage
Homestead Arb	America/New_York
Huntsville International Airport-Carl T Jones Field	America/Chicago
Roscommon Co	America/New_York
Tri State Milton J Ferguson Field	America/New_York
Redstone Aaf	America/Chicago
Terre Haute Intl Hulman Fld	America/New_York
Houlton Intl	America/New_York
Hughes Airport	America/Anchorage
Hutchinson Municipal Airport	America/Chicago
Tweed-New Haven Airport	America/New_York
Havre City Co	America/Denver
Hayward Executive Airport	America/Los_Angeles
North Perry	America/New_York
Hilton Head Airport	America/New_York
Barnstable Muni Boardman Polando Fld	America/New_York
Hydaburg Seaplane Base	America/Anchorage
Hollis Seaplane Base	America/Anchorage
Hays Regional Airport	America/Chicago
Hazleton Municipal	America/New_York
Mc Connell Afb	America/Chicago
Washington Dulles Intl	America/New_York
Niagara Falls Intl	America/New_York
George Bush Intercontinental	America/Chicago
Bob Baker Memorial Airport	America/Anchorage
Wichita Mid Continent	America/Chicago
Icy Bay Airport	America/Anchorage
Idaho Falls Rgnl	America/Denver
Idlewild Intl	America/New_York
Laughlin-Bullhead Intl	America/Phoenix
Igiugig Airport	America/Anchorage
Kingman Airport	America/Phoenix
Lansing Municipal	America/Chicago
Windham Airport	America/New_York
Greater Kankakee	America/Chicago
Nikolski Air Station	America/Anchorage
Kirtland Air Force Base	America/Denver
Ankeny Regl Airport	America/Chicago
New Castle	America/New_York
Iliamna	America/Anchorage
Wilmington Intl	America/New_York
Wilmington Airborne Airpark	America/New_York
Immokalee	America/New_York
Ford Airport	America/Chicago
Indianapolis Intl	America/New_York
Hillsboro Muni	America/Chicago
Winkler Co	America/Chicago
Falls Intl	America/Chicago
Creech Afb	America/Los_Angeles
Smith Reynolds	America/New_York
Winslow-Lindbergh Regional Airport	America/Phoenix
Iowa City Municipal Airport	America/Chicago
Imperial Co	America/Los_Angeles
Williamsport Rgnl	America/New_York
Circle City Airport	America/Anchorage
Kirksville Regional Airport	America/Chicago
Kissimmee Gateway Airport	America/New_York
Sloulin Fld Intl	America/Chicago
Kinston Regional Jetport	America/New_York
Long Island Mac Arthur	America/New_York
Alexander Field South Wood County Airport	America/Chicago
Ithaca Tompkins Rgnl	America/New_York
Hilo Intl	Pacific/Honolulu
Gogebic Iron County Airport	America/Chicago
West Houston	America/Chicago
Inyokern Airport	America/Los_Angeles
Eastern Slopes Regional	America/New_York
Jackson Hole Airport	America/Denver
Jackson Evers Intl	America/Chicago
Jacksonville Intl	America/New_York
Jonesboro Muni	America/Chicago
New Century AirCenter Airport	America/Chicago
Jefferson City Memorial Airport	America/Chicago
Jesup-Wayne County Airport	America/New_York
John F Kennedy Intl	America/New_York
Grand Canyon Heliport	America/Phoenix
Kapalua	Pacific/Honolulu
Chautauqua County-Jamestown	America/New_York
Jack Edwards Airport	America/Chicago
Joplin Rgnl	America/Chicago
Jamestown Regional Airport	America/Chicago
Juneau Intl	America/Anchorage
Regional Airport	America/Chicago
West 30th St. Heliport	America/New_York
Wall Street Heliport	America/New_York
John Murtha Johnstown-Cambria County Airport	America/New_York
Southern Wisconsin Regional Airport	America/Chicago
Reynolds Field	America/New_York
Plantation Airpark	America/New_York
Leesburg Executive Airport	America/New_York
Pickens County Airport	America/New_York
Wainwright As	America/Anchorage
Burrello-Mechanicville Airport	America/New_York
Sabetha Municipal	America/Chicago
Kake Seaplane Base	America/Anchorage
Kaltag Airport	America/Anchorage
Birch Creek Airport	America/Anchorage
Chignik Bay Seaplane Base	America/Anchorage
Coffman Cove Seaplane Base	America/Anchorage
Chignik Lagoon Airport	America/Anchorage
Chignik Lake Airport	America/Anchorage
Kenmore Air Harbor Inc Seaplane Base	America/Los_Angeles
Ekwok Airport	America/Anchorage
False Pass Airport	America/Anchorage
Koliganek Airport	America/Anchorage
Grayling Airport	America/Anchorage
Koyuk Alfred Adams Airport	America/Anchorage
Kitoi Bay Seaplane Base	America/Anchorage
Kongiganak Airport	America/Anchorage
Kalskag Airport	America/Anchorage
Levelock Airport	America/Anchorage
Larsen Bay Airport	America/Anchorage
Kelso Longview	America/Los_Angeles
Klawock Airport	America/Anchorage
Manokotak Airport	America/Anchorage
Moser Bay Seaplane Base	America/Anchorage
New Stuyahok Airport	America/Anchorage
Kona Intl At Keahole	Pacific/Honolulu
Kotlik Airport	America/Anchorage
Olga Bay Seaplane Base	America/Anchorage
Ouzinkie Airport	America/Anchorage
Point Baker Seaplane Base	America/Anchorage
Port Clarence Coast Guard Station	America/Anchorage
Kipnuk Airport	America/Anchorage
Port Williams Seaplane Base	America/Anchorage
Perryville Airport	America/Anchorage
Port Bailey Seaplane Base	America/Anchorage
Akutan Seaplane Base	America/Anchorage
St Marys Airport	America/Anchorage
Thorne Bay Seaplane Base	America/Anchorage
Ketchikan Intl	America/Anchorage
Brevig Mission Airport	America/Anchorage
Kasigluk Airport	America/Anchorage
King Cove Airport	America/Anchorage
Kivalina Airport	America/Anchorage
Kwigillingok Airport	America/Anchorage
Quinhagak Airport	America/Anchorage
West Point Village Seaplane Base	America/Anchorage
Kwethluk Airport	America/Anchorage
Karuluk Airport	America/Anchorage
Koyukuk Airport	America/Anchorage
Zachar Bay Seaplane Base	America/Anchorage
Furnace Creek	America/Los_Angeles
Big Bear City	America/Los_Angeles
Oceano County Airport	America/Los_Angeles
Lamar Muni	America/Denver
Purude University Airport	America/New_York
Lakeland Linder Regional Airport	America/New_York
Los Alamos Airport	America/Denver
Capital City	America/New_York
Laramie Regional Airport	America/Denver
Mc Carran Intl	America/Los_Angeles
Lawton-Fort Sill Regional Airport	America/Chicago
Los Angeles Intl	America/Los_Angeles
Lubbock Preston Smith Intl	America/Chicago
Arnold Palmer Regional Airport	America/New_York
North Platte Regional Airport Lee Bird Field	America/Chicago
Liberal Muni	America/Chicago
Municipal Airport	America/New_York
Lake Charles Rgnl	America/Chicago
Rickenbacker Intl	America/New_York
Lake City Municipal Airport	America/New_York
Linden Airport	America/New_York
Lebanon Municipal Airport	America/New_York
Lewiston Maine	America/New_York
Blue Grass	America/New_York
Langley Afb	America/New_York
Angelina Co	America/Chicago
Lafayette Rgnl	America/Chicago
La Guardia	America/New_York
Long Beach	America/Los_Angeles
LaGrange-Callaway Airport	America/New_York
Logan-Cache	America/Denver
Lake Hood Seaplane Base	America/Anchorage
Lincoln Regional Airport Karl Harder Field	America/Los_Angeles
William T. Piper Mem.	America/New_York
La Junta Muni	America/Denver
Lihue	Pacific/Honolulu
Adams Fld	America/Chicago
Livingood Airport	America/Anchorage
Kenmore Air Harbor Seaplane Base	America/Los_Angeles
Kulik Lake Airport	America/Anchorage
Lake Placid Airport	America/New_York
Klamath Falls Airport	America/Los_Angeles
Palm Beach Co Park	America/New_York
Lincoln	America/Chicago
Lost Nation Municipal Airport	America/New_York
Tri-County Regional Airport	America/Chicago
Lancaster Airport	America/New_York
Lanai	Pacific/Honolulu
Lewis University Airport	America/Chicago
Bowman Fld	America/New_York
London-Corbin Airport-MaGee Field	America/New_York
Lompoc Airport	America/Los_Angeles
Lorain County Regional Airport	America/New_York
Lopez Island Airport	America/Los_Angeles
Laredo Intl	America/Chicago
Little Rock Afb	America/Chicago
Mount Pleasant Regional-Faison Field	NA
Las Cruces Intl	America/Denver
La Crosse Municipal	America/Chicago
Lawson Aaf	America/New_York
Nellis Afb	America/Los_Angeles
Altus Afb	America/Chicago
Luke Afb	America/Phoenix
Cincinnati Muni Lunken Fld	America/New_York
Kalaupapa Airport	Pacific/Honolulu
Cape Lisburne Lrrs	America/Anchorage
Livermore Municipal	America/Los_Angeles
Mission Field Airport	America/Denver
Las Vegas Muni	America/Denver
South Haven Area Regional Airport	America/New_York
Greenbrier Valley Airport	America/New_York
Lawrence Municipal	America/Chicago
Lawrence Municipal Airport	America/New_York
Lewiston Nez Perce Co	America/Los_Angeles
Lewistown Municipal Airport	America/Denver
Mexia - Limestone County Airport	America/Chicago
Lynchburg Regional Preston Glenn Field	America/New_York
Ely Municipal	America/Chicago
Gwinnett County Airport-Briscoe Field	America/New_York
Desert Aire	America/Los_Angeles
Madera Municipal Airport	America/Los_Angeles
Midland Intl	America/Chicago
Manistee County-Blacker Airport	America/New_York
Mbs Intl	America/New_York
Mc Clellan Afld	America/Los_Angeles
Mackinac Island Airport	America/New_York
Merced Municipal Airport	America/Los_Angeles
Macdill Afb	America/New_York
McGrath Airport	America/Anchorage
Kansas City Intl	America/Chicago
McCook Regional Airport	America/Chicago
McKinley National Park Airport	America/Anchorage
Middle Georgia Rgnl	America/New_York
Orlando Intl	America/New_York
Mason City Municipal	America/Chicago
Harrisburg Intl	America/New_York
Chicago Midway Intl	America/Chicago
Banks Airport	America/New_York
Key Field	America/Chicago
Memphis Intl	America/Chicago
Castle	America/Los_Angeles
Mansfield Lahm Regional	America/New_York
Mc Allen Miller Intl	America/Chicago
Marshfield Municipal Airport	America/Chicago
Rogue Valley Intl Medford	America/Los_Angeles
Michigan City Municipal Airport	America/Chicago
Dobbins Arb	America/New_York
Orange County Airport	America/New_York
Montgomery Regional Airport	America/Chicago
Moultrie Municipal Airport	America/New_York
Morgantown Muni Walter L Bill Hart Fld	America/New_York
Dayton-Wright Brothers Airport	America/New_York
Manhattan Reigonal	America/Chicago
Minchumina Airport	America/Anchorage
Sacramento Mather	America/Los_Angeles
Manchester Regional Airport	America/New_York
Mojave	America/Los_Angeles
Miami Intl	America/New_York
Minot Afb	America/Chicago
Crystal Airport	America/Chicago
Delaware County Airport	America/New_York
Millville Muni	America/New_York
Downtown	America/Chicago
General Mitchell Intl	America/Chicago
Muskegon County Airport	America/New_York
Molokai	Pacific/Honolulu
Mc Kellar Sipes Rgnl	America/Chicago
Davis Fld	America/Chicago
Melbourne Intl	America/New_York
Mc Alester Rgnl	America/Chicago
Malad City	America/Denver
Quad City Intl	America/Chicago
Baldwin County Airport	America/New_York
Marshall Don Hunter Sr. Airport	America/Anchorage
Frank Wiley Field	America/Denver
Millinocket Muni	America/New_York
Monroe Rgnl	America/Chicago
Manley Hot Springs Airport	America/Anchorage
Mammoth Yosemite Airport	America/Los_Angeles
McMinn Co	America/New_York
Morristown Municipal Airport	America/New_York
Mc Minnville Muni	America/Los_Angeles
Menominee Marinette Twin Co	America/Chicago
Minto Airport	America/Anchorage
Manassas	America/New_York
Mobile Rgnl	America/Chicago
Modesto City Co Harry Sham	America/Los_Angeles
Minot Intl	America/Chicago
Mountain Village Airport	America/Anchorage
Miami Seaplane Base	America/New_York
MariposaYosemite	America/Los_Angeles
Edward F Knapp State	America/New_York
Macomb Municipal Airport	America/Chicago
Dare County Regional	America/New_York
Sawyer International Airport	America/New_York
Eastern WV Regional Airport	America/New_York
Merrill Fld	America/Anchorage
Marco Islands	America/New_York
Foothills Regional Airport	America/New_York
Monterey Peninsula	America/Los_Angeles
Northwest Alabama Regional Airport	America/Chicago
Dane Co Rgnl Truax Fld	America/Chicago
Missoula Intl	America/Denver
Minneapolis St Paul Intl	America/Chicago
Massena Intl Richards Fld	America/New_York
Louis Armstrong New Orleans Intl	America/Chicago
Selfridge Angb	America/New_York
Florida Keys Marathon Airport	America/New_York
Montrose Regional Airport	America/Denver
Metlakatla Seaplane Base	America/Anchorage
Martin State	America/New_York
Waimea Kohala	Pacific/Honolulu
Muir Aaf	America/New_York
Mountain Home Afb	America/Denver
Morrisville Stowe State Airport	America/New_York
Martha\\'s Vineyard	America/New_York
Williamson Country Regional Airport	America/Chicago
Lawrence J Timmerman Airport	America/Chicago
Grant Co Intl	America/Los_Angeles
Mineral Wells	America/Chicago
Windom Municipal Airport	America/Chicago
Maxwell Afb	America/Chicago
McCarthy Airport	America/Anchorage
Montgomery Field	Asia/Chongqing
McCall Municipal Airport	America/Denver
Myrtle Beach Intl	America/New_York
Mekoryuk Airport	America/Anchorage
Yuba County Airport	America/Los_Angeles
Pinal Airpark	America/Phoenix
Stroudsburg-Pocono Airport	America/New_York
Stormville Airport	America/New_York
Trenton-Robbinsville Airport	America/New_York
New Orleans Nas Jrb	America/Chicago
Naval Air Station	America/Chicago
Chenega Bay Airport	America/Anchorage
Lakehurst Naes	America/New_York
Lakefront	America/Chicago
Fallon Nas	America/Los_Angeles
Kaneohe Bay Mcaf	Pacific/Honolulu
Corpus Christi NAS	America/Chicago
Norfolk Ns	America/New_York
NAS Alameda	America/Los_Angeles
Patuxent River Nas	America/New_York
Nikolai Airport	America/Anchorage
China Lake Naws	America/Los_Angeles
Jacksonville Nas	America/New_York
El Centro Naf	America/Los_Angeles
Cherry Point Mcas	America/New_York
Miramar Mcas	America/Los_Angeles
Lemoore Nas	America/Los_Angeles
Nelson Lagoon	America/Anchorage
Nightmute Airport	America/Anchorage
Meridian Nas	America/Chicago
Nondalton Airport	America/Anchorage
Port Angeles Cgas	America/Los_Angeles
Pensacola Nas	America/Chicago
Porter County Municipal Airport	America/Chicago
Millington Rgnl Jetport	America/Chicago
Kingsville Nas	America/Chicago
Key West Nas	America/New_York
Whiting Fld Nas North	America/Chicago
Point Mugu Nas	America/Los_Angeles
Oceana Nas	America/New_York
Nuiqsut Airport	America/Anchorage
Nulato Airport	America/Anchorage
Nunapitchuk Airport	America/Anchorage
Moffett Federal Afld	America/Los_Angeles
Whidbey Island Nas	America/Los_Angeles
Twentynine Palms Eaf	America/Los_Angeles
Willow Grove Nas Jrb	America/New_York
Long Lake	America/New_York
All Airports	America/New_York
Quantico Mcaf	America/New_York
Cecil Field	America/New_York
El Toro	America/Los_Angeles
North Island Nas	America/Los_Angeles
Morgantown Airport	America/New_York
Oakdale Airport	America/Los_Angeles
Albert J Ellis	America/New_York
Metropolitan Oakland Intl	America/Los_Angeles
Marina Muni	America/Los_Angeles
County	America/New_York
Kobuk Airport	America/Anchorage
Key Largo	America/New_York
International Airport	America/New_York
Branch County Memorial Airport	America/New_York
Offutt Afb	America/Chicago
Kahului	Pacific/Honolulu
Ogdensburg Intl	America/New_York
Johnson County Airport	America/Chicago
Will Rogers World	America/Chicago
LM Clayton Airport	America/Denver
Old Harbor Airport	America/Anchorage
Olympia Regional Airpor	America/Los_Angeles
Nogales Intl	America/Phoenix
San Diego Old Town Transit Center	America/Los_Angeles
Olive Branch Muni	America/Chicago
Eppley Afld	America/Chicago
Nome	America/Anchorage
Ormond Beach municipal Airport	America/New_York
Oneonta Municipal Airport	America/New_York
Newport Municipal Airport	America/Los_Angeles
Ontario Intl	America/Los_Angeles
Toksook Bay Airport	America/Anchorage
Opa Locka	America/New_York
Brandywine Airport	America/New_York
Quonset State Airport	America/New_York
Chicago Ohare Intl	America/Chicago
Norfolk Intl	America/New_York
Worcester Regional Airport	America/New_York
Port Lions Airport	America/Anchorage
Executive	America/New_York
Northway	America/Anchorage
Robert Curtis Memorial Airport	America/Anchorage
Oscoda Wurtsmith	America/New_York
Wittman Regional Airport	America/Chicago
Ohio State University Airport	America/New_York
Southwest Oregon Regional Airport	America/Los_Angeles
Anacortes Airport	America/Los_Angeles
Ralph Wien Mem	America/Anchorage
Owensboro Daviess County Airport	America/Chicago
Norwood Memorial Airport	America/New_York
Waterbury-Oxford Airport	America/New_York
Miami University Airport	America/New_York
Oxnard - Ventura County	America/Los_Angeles
Ozona Muni	America/Chicago
Coolidge Municipal Airport	America/Phoenix
Cottonwood Airport	America/Phoenix
Snohomish Co	America/Los_Angeles
Barkley Regional Airport	America/Chicago
Tyndall Afb	America/Chicago
Palo Alto Airport of Santa Clara County	America/Los_Angeles
Palmer Muni	America/Anchorage
Grider Fld	America/Chicago
Plattsburgh Intl	America/New_York
Palm Beach Intl	America/New_York
St George	America/Anchorage
Pike County Airport - Hatcher Field	America/New_York
Erie-Ottawa Regional Airport	America/New_York
Waupaca Municipal Airport	America/Chicago
Pedro Bay Airport	America/Anchorage
Dekalb-Peachtree Airport	America/New_York
Eastern Oregon Regional Airport	America/Los_Angeles
Portland Intl	America/Los_Angeles
Pelican Seaplane Base	America/Anchorage
Pecos Municipal Airport	America/Chicago
Panama City Bay Co Intl	America/Chicago
Page Municipal Airport	America/Phoenix
Charlotte County-Punta Gorda Airport	America/New_York
Pitt-Greenville Airport	America/New_York
Harry Clever Field Airport	America/New_York
Newport News Williamsburg Intl	America/New_York
Pahokee Airport	America/New_York
Philadelphia Intl	America/New_York
St Clair Co Intl	America/New_York
Point Hope Airport	America/Anchorage
Phoenix Sky Harbor Intl	America/Phoenix
Peoria Regional	America/Chicago
Hattiesburg Laurel Regional Airport	America/Chicago
St Petersburg Clearwater Intl	America/New_York
Pocatello Regional Airport	America/Denver
Harris County Airport	America/New_York
Pilot Point Airport	America/Anchorage
Pierre Regional Airport	America/Chicago
Pittsburgh Intl	America/New_York
Point Lay Lrrs	America/Anchorage
Mid-Ohio Valley Regional Airport	America/New_York
Pellston Regional Airport of Emmet County Airport	America/New_York
Pembina Muni	America/Chicago
Palmdale Rgnl Usaf Plt 42	America/Los_Angeles
Port Moller Airport	America/Anchorage
Pompano Beach Airpark	America/New_York
Ponca City Rgnl	America/Chicago
Northeast Philadelphia	America/New_York
Princeton Muni	America/Chicago
Pensacola Rgnl	America/Chicago
Pope Field	America/New_York
Brackett Field	America/Los_Angeles
Polk Aaf	America/Chicago
Poplar Bluff Municipal Airport	America/Chicago
Prospect Creek Airport	America/Anchorage
Port Protection Seaplane Base	America/Anchorage
Northern Maine Rgnl At Presque Isle	America/New_York
Pilot Station Airport	America/Anchorage
Ernest A Love Fld	America/Phoenix
Port Oceanic Airport	America/Anchorage
Tri Cities Airport	America/Los_Angeles
Petersburg James A. Johnson	America/Anchorage
Pease International Tradeport	America/New_York
Palm Springs Intl	America/Los_Angeles
Palacios Muni	America/Chicago
Port Alsworth Airport	America/Anchorage
Dinwiddie County Airport	America/New_York
Port Heiden Airport	America/Anchorage
Oakland Co. Intl	America/New_York
Platinum	America/Anchorage
Pueblo Memorial	America/Denver
Carbon County Regional-Buck Davis Field	America/Denver
Pullman-Moscow Rgnl	America/Los_Angeles
Provincetown Muni	America/New_York
Theodore Francis Green State	America/New_York
Provo Municipal Airport	America/Denver
Chicago Executive	America/Chicago
Portland Intl Jetport	America/New_York
Bremerton National	America/Los_Angeles
Plymouth Municipal Airport	America/New_York
Centre-Piedmont-Cherokee County Regional Airport	America/Chicago
Ferry County Airport	America/Los_Angeles
John H. Batten Airport	America/Chicago
Riverside Muni	America/Los_Angeles
Rapid City Regional Airport	America/Denver
Dallas Executive Airport	America/Chicago
French Valley Airport	America/Los_Angeles
Robinson Aaf	America/Chicago
Fort Jefferson	America/New_York
Ruby Airport	America/Anchorage
Ellsworth Afb	America/Denver
Roche Harbor Seaplane Base	America/Los_Angeles
Richmond County Airport	America/New_York
Redding Muni	America/Los_Angeles
Reading Regional Carl A Spaatz Field	America/New_York
Roberts Fld	America/Los_Angeles
Grand Forks Afb	America/Chicago
Raleigh Durham Intl	America/New_York
Red Devil Airport	America/Anchorage
Redlands Municipal Airport	America/Los_Angeles
Chicago Rockford International Airport	America/Chicago
Rhinelander Oneida County Airport	America/Chicago
Richmond Intl	America/New_York
Richmond Municipal Airport	America/New_York
Richfield Minicipal Airport	America/Denver
Garfield County Regional Airport	America/Denver
Flabob Airport	America/Los_Angeles
Rancho Murieta	America/Los_Angeles
March Arb	America/Los_Angeles
Riverton Regional	America/Denver
Knox County Regional Airport	America/New_York
Rock Hill York Co Bryant Airport	America/New_York
Aransas County Airport	America/Chicago
Rock Springs Sweetwater County Airport	America/Denver
Griffiss Afld	America/New_York
Richard B Russell Airport	America/New_York
Rampart Airport	America/Anchorage
Brooks Field Airport	America/New_York
Randolph Afb	America/Chicago
Ramona Airport	America/Los_Angeles
Reno Tahoe Intl	America/Los_Angeles
Renton	America/Los_Angeles
Roanoke Regional	America/New_York
Greater Rochester Intl	America/New_York
Roswell Intl Air Center	America/Denver
Russian Mission Airport	America/Anchorage
Rosario Seaplane Base	America/Los_Angeles
Rochester	America/Chicago
Southwest Florida Intl	America/New_York
Rutland State Airport	America/New_York
Richard Lloyd Jones Jr Airport	America/Chicago
Rocky Mount Wilson Regional Airport	America/New_York
Rawlins Municipal Airport-Harvey Field	America/Denver
Cobb County Airport-Mc Collum Field	America/New_York
Lebanon State	America/Los_Angeles
Prosser	America/Los_Angeles
Port O\\'Connor Airfield	America/Chicago
Shively Field Airport	America/Denver
Sacramento Executive	America/Los_Angeles
Safford Regional Airport	America/Phoenix
Santa Fe Muni	America/Denver
San Diego Intl	America/Los_Angeles
San Antonio Intl	America/Chicago
Savannah Hilton Head Intl	America/New_York
Santa Barbara Muni	America/Los_Angeles
San Bernardino International Airport	America/Los_Angeles
Sheboygan County Memorial Airport	America/Chicago
South Bend Rgnl	America/New_York
Emanuel Co	America/New_York
San Luis County Regional Airport	America/Los_Angeles
Steamboat Springs Airport-Bob Adams Field	America/Denver
Salisbury Ocean City Wicomico Rgnl	America/New_York
Deadhorse	America/Anchorage
University Park Airport	America/New_York
Stratton ANGB - Schenectady County Airpor	America/New_York
Stockton Metropolitan	America/Los_Angeles
Scammon Bay Airport	America/Anchorage
Williamson-Sodus Airport	America/New_York
Louisville International Airport	America/New_York
Brown Field Municipal Airport	America/Los_Angeles
Sand Point Airport	America/Anchorage
Sedona	America/Phoenix
Sidney-Richland Municipal Airport	America/Denver
Seattle Tacoma Intl	America/Los_Angeles
Gillespie	America/Los_Angeles
Regional - Hendricks AAF	America/New_York
Craig Fld	America/Chicago
Selfield Airport	America/Chicago
Orlando Sanford Intl	America/New_York
Felts Fld	America/Los_Angeles
Sanford Regional	America/New_York
San Francisco Intl	America/Los_Angeles
North Central State	America/New_York
Springfield Branson Natl	America/Chicago
Springfield-Beckly Municipal Airport	America/New_York
St. Augustine Airport	America/New_York
Sugar Land Regional Airport	America/Chicago
St George Muni	America/Denver
Skagway Airport	America/Anchorage
Shenandoah Valley Regional Airport	America/New_York
Shungnak Airport	America/Anchorage
Shishmaref Airport	America/Anchorage
Sheridan County Airport	America/Denver
Shreveport Rgnl	America/Chicago
Shageluk Airport	America/Anchorage
Sikeston Memorial Municipal	America/Chicago
Sitka Rocky Gutierrez	America/Anchorage
Norman Y Mineta San Jose Intl	America/Los_Angeles
San Angelo Rgnl Mathis Fld	America/Chicago
Fairchild Afb	America/Los_Angeles
Lackland Afb Kelly Fld Annex	America/Chicago
Shaktoolik Airport	America/Anchorage
Griffing Sandusky	America/New_York
Salt Lake City Intl	America/Denver
McNary Field	America/Los_Angeles
Adirondack Regional Airport	America/New_York
Salina Municipal Airport	America/Chicago
Sleetmute Airport	America/Anchorage
Smith Fld	America/New_York
Lake Cumberland Regional Airport	America/New_York
Sacramento Intl	America/Los_Angeles
St. Michael Airport	America/Anchorage
Lemhi County Airport	America/Denver
Santa Monica Municipal Airport	America/Los_Angeles
Santa Maria Pub Cpt G Allan Hancock Airport	America/Los_Angeles
John Wayne Arpt Orange Co	America/Los_Angeles
St Paul Island	America/Anchorage
Sidney Muni Airport	America/Denver
Moore County Airport	America/New_York
Show Low Regional Airport	America/Phoenix
Scappoose Industrial Airpark	America/Los_Angeles
Black Hills Airport-Clyde Ice Field	America/Denver
Albert Whitted	America/New_York
Abraham Lincoln Capital	America/Chicago
Sheppard Afb Wichita Falls Muni	America/Chicago
Spencer Muni	America/Chicago
Silver Springs Airport	America/Los_Angeles
San Carlos Airport	America/Los_Angeles
Sarasota Bradenton Intl	America/New_York
Sierra Blanca Regional Airport	America/Denver
Stony River 2 Airport	America/Anchorage
Shaw Afb	America/New_York
McKinnon Airport	America/New_York
Saint Cloud Regional Airport	America/Chicago
Stevens Point Municipal Airport	America/Chicago
St. George Airport	America/Anchorage
Rosecrans Mem	America/Chicago
Sterling Municipal Airport	America/Denver
Lambert St Louis Intl	America/Chicago
Charles M Schulz Sonoma Co	America/Los_Angeles
Witham Field Airport	America/New_York
Door County Cherryland Airport	America/Chicago
Friedman Mem	America/Denver
Spirit Of St Louis	America/Chicago
Travis Afb	America/Los_Angeles
Sioux Gateway Col Bud Day Fld	America/Chicago
Savoonga Airport	America/Anchorage
Grant County Airport	America/Denver
Regional Airport	America/New_York
Hunter Aaf	America/New_York
Sparrevohn Lrrs	America/Anchorage
Seward Airport	America/Anchorage
Stewart Intl	America/New_York
Sheldon Point Airport	America/Anchorage
Soldotna Airport	America/Anchorage
Eareckson As	America/Anchorage
Seal Bay Seaplane Base	America/Anchorage
Syracuse Hancock Intl	America/New_York
Whiteman Afb	America/Chicago
Tanana Airport	America/Anchorage
Taunton Municipal Airport - King Field	America/New_York
Waynesville Rgnl Arpt At Forney Fld	America/Chicago
Tucumcari Muni	America/Denver
Tuscaloosa Rgnl	America/Chicago
Mc Chord Afb	America/Los_Angeles
Truth Or Consequences Muni	America/Denver
Takotna Airport	America/Anchorage
Teterboro	America/New_York
Tatitlek Airport	America/Anchorage
Telluride	America/Denver
Tinker Afb	America/Chicago
Tacoma Narrows Airport	America/Los_Angeles
Space Coast Reg'l Airport	America/New_York
Talkeetna	America/Anchorage
Tenakee Seaplane Base	America/Anchorage
Truckee-Tahoe Airport	America/Los_Angeles
Collin County Regional Airport at Mc Kinney	America/Chicago
Teller Airport	America/Anchorage
Tallahassee Rgnl	America/New_York
Tatalina Lrrs	America/Anchorage
Tuluksak Airport	America/Anchorage
Henry Tift Myers Airport	America/New_York
Kendall Tamiami Executive	America/New_York
Tin City LRRS Airport	America/Anchorage
Tununak Airport	America/Anchorage
Dade Collier Training And Transition	America/New_York
Tonopah Test Range	America/Los_Angeles
Zamperini Field Airport	America/Los_Angeles
Toccoa RG Letourneau Field Airport	America/New_York
Togiak Airport	America/Anchorage
Toledo	America/New_York
Philip Billard Muni	America/Chicago
Tampa Intl	America/New_York
Draughon Miller Central Texas Rgnl	America/Chicago
Tri-Cities Regional Airport	America/New_York
Jacqueline Cochran Regional Airport	America/Los_Angeles
East 34th Street Heliport	America/New_York
Portland Troutdale	America/Los_Angeles
Trenton Mercer	America/New_York
Tulsa Intl	America/Chicago
Tupelo Regional Airport	America/Chicago
Tucson Intl	America/Phoenix
Cherry Capital Airport	America/New_York
Thief River Falls	America/Chicago
Thomasville Regional Airport	America/New_York
Lake Tahoe Airport	America/Los_Angeles
Twin Hills Airport	America/Anchorage
Jefferson County Intl	America/Los_Angeles
Magic Valley Regional Airport	America/Denver
Texarkana Rgnl Webb Fld	America/Chicago
Tyonek Airport	America/Anchorage
Tyler Pounds Rgnl	America/Chicago
Mc Ghee Tyson	America/New_York
Bolton Field	America/New_York
Mountain Home Municipal Airport	America/Denver
Union Station	America/New_York
Bermuda Dunes Airport	America/Los_Angeles
Darlington County Jetport	America/New_York
Waukesha County Airport	America/Chicago
Waukegan Rgnl	America/Chicago
Quincy Regional Baldwin Field	America/Chicago
Indianapolis Metropolitan Airport	America/New_York
Unalakleet Airport	America/Anchorage
Upolu	Pacific/Honolulu
St. Augustine Airport	America/New_York
Hite Airport	America/Denver
Tunica Municipal Airport	America/Chicago
Indian Mountain Lrrs	America/Anchorage
Ugnu-Kuparuk Airport	America/Anchorage
Newport State	America/New_York
Garner Field	America/Chicago
Moody Afb	America/New_York
Chevak Airport	America/Anchorage
South Jersey Regional Airport	America/New_York
Vandenberg Afb	America/Los_Angeles
Victoria Regional Airport	America/Chicago
Southern California Logistics	America/Los_Angeles
Tampa Executive Airport	America/New_York
Valdez Pioneer Fld	America/Anchorage
Venetie Airport	America/Anchorage
Vernal Regional Airport	America/Denver
North Las Vegas Airport	America/Los_Angeles
Visalia Municipal Airport	America/Los_Angeles
Valdosta Regional Airport	America/New_York
Van Wert County Airport	America/New_York
Van Nuys	America/Los_Angeles
Volk Fld	America/Chicago
Cartersville Airport	America/New_York
Eglin Afb	America/Chicago
Vero Beach Muni	America/New_York
Hartness State	America/New_York
Illinois Valley Regional	America/Chicago
Ocean Shores Municipal	America/Los_Angeles
Eagle's Nest Airport	America/New_York
Wales Airport	America/Anchorage
Wallops Flight Facility	America/New_York
All Airports	America/New_York
Stebbins Airport	America/Anchorage
Beaver Airport	America/Anchorage
Boulder Municipal	America/Denver
Wilkes-Barre Wyoming Valley Airport	America/New_York
Barrow County Airport	America/New_York
Ketchikan harbor Seaplane Base	America/Anchorage
Northern Aroostook Regional Airport	America/New_York
Hyder Seaplane Base	America/Vancouver
Whiteman Airport	America/Los_Angeles
Wishram Amtrak Station	America/Los_Angeles
Aleknagik Airport	America/Anchorage
Waikoloa Heliport	Pacific/Honolulu
Selawik Airport	America/Anchorage
White Mountain Airport	America/Anchorage
Robins Afb	America/New_York
Wrangell Airport	America/Anchorage
Mc Guire Afb	America/New_York
Worland Municipal Airport	America/Denver
Condron Aaf	America/Denver
San Juan - Uganik Seaplane Base	America/Anchorage
South Naknek Airport	America/Anchorage
Westerly State Airport	America/New_York
Westsound Seaplane Base	America/Los_Angeles
Noatak Airport	America/Anchorage
Tuntutuliak Airport	America/Anchorage
Cape May Co	America/New_York
North Whale Seaplane Base	America/Anchorage
Newtok Airport	America/Anchorage
Yellowstone Airport	America/Denver
Everglades Airpark	America/New_York
Apopka	America/New_York
Lake Wales Municipal Airport	America/New_York
Arthur Dunn Airpark	America/New_York
Sebastian Municipal	America/New_York
Tampa North Aero Park	America/New_York
South Lakeland Airport	America/New_York
Valkaria Municipal	America/New_York
Flagler County Airport	America/New_York
NW Arkansas Regional	America/Chicago
Amherst Amtrak Station AMM	America/New_York
Municipal Airport	America/Chicago
Bloyer Field	America/Chicago
Yakutat	NA
Willow Run	America/New_York
Yakima Air Terminal McAllister Field	America/Los_Angeles
Chan Gurney	America/Chicago
Youngstown Warren Rgnl	America/New_York
Yuma Mcas Yuma Intl	America/Phoenix
Clear	America/Anchorage
Penn Station	America/New_York
Philadelphia 30th St Station	America/New_York
Municipal Airport	America/New_York
Atlantic City Rail Terminal	America/New_York
Train Station	America/New_York
Newark Penn Station	America/New_York
Hartford Union Station	America/New_York
New Carrollton Rail Station	America/New_York
Springfield Amtrak Station	America/New_York
Scottsdale Airport	America/Phoenix
Stamford Amtrak Station	America/New_York
Boston Back Bay Station	America/New_York
Black Rock	America/Denver
New Haven Rail Station	America/New_York
Wilmington Amtrak Station	America/New_York
Washington Union Station	America/New_York
Penn Station	America/New_York
